{"y_id": "UNRATE", "y_field": "UNRATE_diff_lag_1", "target_reference_date": "2022-02-01", "estimator": "XGBRegressor", "fs_method": "JMI", "coefficients": {"CEFDFSA066MSFRBPHI": 0.00558000011369586, "CEFDFSA066MSFRBPHI_diff_lag_1": 0.001560000004246831, "CEFDFSA066MSFRBPHI_diff_lag_2": 0.001879999996162951, "CURRCIR_diff_lag_1": 0.6559200286865234, "CURRCIR_diff_lag_2": 0.10784000158309937, "G17MVSFAUTOS_diff_lag_2": 0.0011899999808520079, "G17MVSFLTRUCKS_diff_lag_1": 0.004269999917596579, "G17MVSFLTRUCKS_diff_lag_2": 0.0016599999507889152, "G17MVSFTTRUCKS_diff_lag_1": 0.000750000006519258, "G17MVSFTTRUCKS_diff_lag_2": 0.0036800000816583633, "G17MVSFWAUTOS": 0.0009399999980814755, "G17MVSFWAUTOS_diff_lag_1": 0.0020099999383091927, "G17MVSFWAUTOS_diff_lag_2": 0.0006200000061653554, "G17MVSFWLTRUCKS_diff_lag_1": 0.020959999412298203, "G17MVSFWLTRUCKS_diff_lag_2": 0.000590000010561198, "G17MVSFWTTRUCKS_diff_lag_1": 0.0023900000378489494, "G17MVSFWTTRUCKS_diff_lag_2": 0.00033000000985339284, "G17MVSFWWKDAYS_diff_lag_1": 0.0028699999675154686, "G17MVSFWWKDAYS_diff_lag_2": 0.0003699999942909926, "G17MVSFWWKDAYS_perc_diff_lag_1": 2.9999999242136255e-05, "GACDFSA066MSFRBPHI": 0.04131999984383583, "GACDFSA066MSFRBPHI_diff_lag_1": 0.00675999978557229, "GACDFSA066MSFRBPHI_diff_lag_2": 0.0034199999645352364, "GACDFSA066MSFRBPHI_perc_diff_lag_1": 0.0036299999337643385, "GASALLCOVM_diff_lag_1": 0.0012100000167265534, "GASALLCOVM_diff_lag_2": 0.0009800000116229057, "GASALLM_diff_lag_1": 0.0034000000450760126, "GASALLM_diff_lag_2": 7.999999797903001e-05, "GASALLREFM_diff_lag_1": 0.005189999938011169, "GASALLREFM_diff_lag_2": 0.00023999999393709004, "GASALLREFM_perc_diff_lag_1": 0.00892999954521656, "GASDESM_diff_lag_1": 0.0031799999997019768, "GASDESM_diff_lag_2": 0.01793999969959259, "GASMIDCOVM_diff_lag_1": 0.001610000035725534, "GASMIDCOVM_diff_lag_2": 0.0, "GASMIDCOVM_perc_diff_lag_1": 3.9999998989515007e-05, "GASMIDM_diff_lag_1": 1.9999999494757503e-05, "GASMIDM_diff_lag_2": 0.00023999999393709004, "GASMIDM_perc_diff_lag_1": 0.005690000019967556, "GASMIDREFM_diff_lag_1": 0.0, "GASMIDREFM_diff_lag_2": 0.00022000000171829015, "GASMIDREFM_perc_diff_lag_1": 0.0007399999885819852, "GASPRMCOVM_diff_lag_1": 0.00011000000085914508, "GASPRMCOVM_diff_lag_2": 0.0005799999926239252, "GASPRMCOVM_perc_diff_lag_1": 0.0014700000174343586, "GASPRMM_diff_lag_1": 9.999999747378752e-06, "GASPRMM_diff_lag_2": 0.008150000125169754, "GASPRMM_perc_diff_lag_1": 0.0003499999875202775, "GASPRMREFM_diff_lag_1": 0.002090000081807375, "GASPRMREFM_diff_lag_2": 0.001990000018849969, "GASPRMREFM_perc_diff_lag_1": 0.0009800000116229057, "GASREGCOVM_diff_lag_1": 0.00430000014603138, "GASREGCOVM_diff_lag_2": 0.0, "GASREGM_diff_lag_1": 0.0, "GASREGM_diff_lag_2": 0.0, "GASREGM_perc_diff_lag_1": 9.999999747378752e-06, "GASREGREFM_diff_lag_1": 7.999999797903001e-05, "GASREGREFM_diff_lag_2": 0.0, "GASREGREFM_perc_diff_lag_1": 0.00039000000106170774, "MICH": 0.0045900000259280205, "MICH_diff_lag_1": 0.0012700000079348683, "MICH_diff_lag_2": 0.003869999898597598, "POP_diff_lag_2": 0.009589999914169312, "STLPPM": 0.006949999835342169, "STLPPMDEF": 0.0017800000496208668, "STLPPMDEF_diff_lag_1": 0.003969999961555004, "STLPPMDEF_diff_lag_2": 0.001970000099390745, "STLPPMLOW": 0.0016499999910593033, "STLPPMLOW_diff_lag_1": 0.0030900000128895044, "STLPPMLOW_diff_lag_2": 0.0007800000021234155, "STLPPMMID": 0.0008099999977275729, "STLPPMMID_diff_lag_1": 0.0022899999748915434, "STLPPMMID_diff_lag_2": 0.005040000192821026, "STLPPM_diff_lag_1": 0.0006799999973736703, "STLPPM_diff_lag_2": 4.999999873689376e-05, "TREASURY_diff_lag_1": 0.005859999917447567, "TREASURY_diff_lag_2": 0.004970000125467777}, "eval_metrics": {"rmse": 0.36137853739393644, "rmspe": 0.06727629539814677, "mape": 0.05310330091844092, "smape": 0.05348988622873555, "mrae": 784593374.3915807, "rrse": 1.2435683439846343}, "forecast": {"2021-03-01": -0.07095325738191605, "2021-04-01": -0.9415120482444763, "2021-05-01": -0.17869234085083008, "2021-06-01": -0.17511044442653656, "2021-07-01": -0.03231057524681091, "2021-08-01": -0.3393941819667816, "2021-09-01": -0.13669762015342712, "2021-10-01": -0.1704643964767456, "2021-11-01": -0.01996948942542076, "2021-12-01": -0.18800783157348633, "2022-01-01": -0.09885967522859573, "2022-02-01": -0.07245707511901855}, "retransf_forecast": {"2021-03-01": 6.129046551883221, "2021-04-01": 5.058487951755524, "2021-05-01": 5.82130765914917, "2021-06-01": 5.624889746308327, "2021-07-01": 5.867689520120621, "2021-08-01": 5.06060591340065, "2021-09-01": 5.06330218911171, "2021-10-01": 4.529535412788391, "2021-11-01": 4.580030415207148, "2021-12-01": 4.01199197769165, "2022-01-01": 3.801140420138836, "2022-02-01": 3.9275429248809814}, "y_actual": {"2000-01-01": 0.0, "2000-02-01": 0.099999905, "2000-03-01": -0.099999905, "2000-04-01": -0.20000005, "2000-05-01": 0.20000005, "2000-06-01": 0.0, "2000-07-01": 0.0, "2000-08-01": 0.099999905, "2000-09-01": -0.19999981, "2000-10-01": 0.0, "2000-11-01": 0.0, "2000-12-01": 0.0, "2001-01-01": 0.2999997, "2001-02-01": 0.0, "2001-03-01": 0.10000038, "2001-04-01": 0.099999905, "2001-05-01": -0.099999905, "2001-06-01": 0.19999981, "2001-07-01": 0.099999905, "2001-08-01": 0.3000002, "2001-09-01": 0.099999905, "2001-10-01": 0.3000002, "2001-11-01": 0.19999981, "2001-12-01": 0.19999981, "2002-01-01": 0.0, "2002-02-01": 0.0, "2002-03-01": 0.0, "2002-04-01": 0.20000029, "2002-05-01": -0.099999905, "2002-06-01": 0.0, "2002-07-01": 0.0, "2002-08-01": -0.10000038, "2002-09-01": 0.0, "2002-10-01": 0.0, "2002-11-01": 0.20000029, "2002-12-01": 0.099999905, "2003-01-01": -0.19999981, "2003-02-01": 0.099999905, "2003-03-01": 0.0, "2003-04-01": 0.099999905, "2003-05-01": 0.099999905, "2003-06-01": 0.20000029, "2003-07-01": -0.10000038, "2003-08-01": -0.099999905, "2003-09-01": 0.0, "2003-10-01": -0.099999905, "2003-11-01": -0.19999981, "2003-12-01": -0.10000038, "2004-01-01": 0.0, "2004-02-01": -0.099999905, "2004-03-01": 0.20000029, "2004-04-01": -0.20000029, "2004-05-01": 0.0, "2004-06-01": 0.0, "2004-07-01": -0.099999905, "2004-08-01": -0.099999905, "2004-09-01": 0.0, "2004-10-01": 0.099999905, "2004-11-01": -0.099999905, "2004-12-01": 0.0, "2005-01-01": -0.099999905, "2005-02-01": 0.099999905, "2005-03-01": -0.20000029, "2005-04-01": 0.0, "2005-05-01": -0.099999905, "2005-06-01": -0.099999905, "2005-07-01": 0.0, "2005-08-01": -0.099999905, "2005-09-01": 0.099999905, "2005-10-01": 0.0, "2005-11-01": 0.0, "2005-12-01": -0.099999905, "2006-01-01": -0.20000029, "2006-02-01": 0.10000038, "2006-03-01": -0.10000038, "2006-04-01": 0.0, "2006-05-01": -0.099999905, "2006-06-01": 0.0, "2006-07-01": 0.099999905, "2006-08-01": 0.0, "2006-09-01": -0.19999981, "2006-10-01": -0.099999905, "2006-11-01": 0.099999905, "2006-12-01": -0.099999905, "2007-01-01": 0.19999981, "2007-02-01": -0.099999905, "2007-03-01": -0.099999905, "2007-04-01": 0.099999905, "2007-05-01": -0.099999905, "2007-06-01": 0.19999981, "2007-07-01": 0.099999905, "2007-08-01": -0.099999905, "2007-09-01": 0.099999905, "2007-10-01": 0.0, "2007-11-01": 0.0, "2007-12-01": 0.3000002, "2008-01-01": 0.0, "2008-02-01": -0.099999905, "2008-03-01": 0.19999981, "2008-04-01": -0.099999905, "2008-05-01": 0.4000001, "2008-06-01": 0.19999981, "2008-07-01": 0.20000029, "2008-08-01": 0.2999997, "2008-09-01": 0.0, "2008-10-01": 0.4000001, "2008-11-01": 0.3000002, "2008-12-01": 0.5, "2009-01-01": 0.5, "2009-02-01": 0.5, "2009-03-01": 0.39999962, "2009-04-01": 0.3000002, "2009-05-01": 0.39999962, "2009-06-01": 0.10000038, "2009-07-01": 0.0, "2009-08-01": 0.10000038, "2009-09-01": 0.19999981, "2009-10-01": 0.19999981, "2009-11-01": -0.10000038, "2009-12-01": 0.0, "2010-01-01": -0.09999943, "2010-02-01": 0.0, "2010-03-01": 0.09999943, "2010-04-01": 0.0, "2010-05-01": -0.29999924, "2010-06-01": -0.20000076, "2010-07-01": 0.0, "2010-08-01": 0.10000038, "2010-09-01": 0.0, "2010-10-01": -0.10000038, "2010-11-01": 0.40000057, "2010-12-01": -0.5,