{"y_id": "UNRATE", "y_field": "UNRATE", "target_reference_date": "2022-02-01", "estimator": "LinearForestRegressor", "fs_method": "JMI", "coefficients": {"CEFDFSA066MSFRBPHI": -0.14066000282764435, "CEFDFSA066MSFRBPHI_diff_lag_1": 0.04639999940991402, "CEFDFSA066MSFRBPHI_diff_lag_2": 0.05372999981045723, "CURRCIR_diff_lag_1": 0.019370000809431076, "CURRCIR_diff_lag_2": 0.05753999948501587, "G17MVSFAUTOS_diff_lag_2": 0.39673998951911926, "G17MVSFLTRUCKS_diff_lag_1": -1.0022300481796265, "G17MVSFLTRUCKS_diff_lag_2": -5.820040225982666, "G17MVSFTTRUCKS_diff_lag_1": 0.9645900130271912, "G17MVSFTTRUCKS_diff_lag_2": 5.530829906463623, "G17MVSFWAUTOS": -0.018619999289512634, "G17MVSFWAUTOS_diff_lag_1": 0.045499999076128006, "G17MVSFWAUTOS_diff_lag_2": -0.4191499948501587, "G17MVSFWLTRUCKS_diff_lag_1": 0.7973999977111816, "G17MVSFWLTRUCKS_diff_lag_2": 5.782159805297852, "G17MVSFWTTRUCKS_diff_lag_1": -0.786620020866394, "G17MVSFWTTRUCKS_diff_lag_2": -5.453649997711182, "G17MVSFWWKDAYS_diff_lag_1": 3.6393001079559326, "G17MVSFWWKDAYS_diff_lag_2": -0.4534899890422821, "G17MVSFWWKDAYS_perc_diff_lag_1": -0.744979977607727, "GACDFSA066MSFRBPHI": 0.054910000413656235, "GACDFSA066MSFRBPHI_diff_lag_1": -0.009479999542236328, "GACDFSA066MSFRBPHI_diff_lag_2": -0.027459999546408653, "GACDFSA066MSFRBPHI_perc_diff_lag_1": 0.00031999999191612005, "GASALLCOVM_diff_lag_1": 98.46882629394531, "GASALLCOVM_diff_lag_2": -62.161720275878906, "GASALLM_diff_lag_1": -3.0552399158477783, "GASALLM_diff_lag_2": 64.18592071533203, "GASALLREFM_diff_lag_1": -389.2320251464844, "GASALLREFM_diff_lag_2": 95.96798706054688, "GASALLREFM_perc_diff_lag_1": 6.951310157775879, "GASDESM_diff_lag_1": 1.8596199750900269, "GASDESM_diff_lag_2": 1.9673500061035156, "GASMIDCOVM_diff_lag_1": 111.93245697021484, "GASMIDCOVM_diff_lag_2": -100.80615997314453, "GASMIDCOVM_perc_diff_lag_1": -2.3934199810028076, "GASMIDM_diff_lag_1": 7.452070236206055, "GASMIDM_diff_lag_2": 169.86474609375, "GASMIDM_perc_diff_lag_1": -0.061400000005960464, "GASMIDREFM_diff_lag_1": -29.61164093017578, "GASMIDREFM_diff_lag_2": -81.80223846435547, "GASMIDREFM_perc_diff_lag_1": 0.715399980545044, "GASPRMCOVM_diff_lag_1": 58.51136016845703, "GASPRMCOVM_diff_lag_2": 58.79204177856445, "GASPRMCOVM_perc_diff_lag_1": -2.0402801036834717, "GASPRMM_diff_lag_1": -250.4203338623047, "GASPRMM_diff_lag_2": -99.69611358642578, "GASPRMM_perc_diff_lag_1": 5.517360210418701, "GASPRMREFM_diff_lag_1": 193.32827758789062, "GASPRMREFM_diff_lag_2": 15.362350463867188, "GASPRMREFM_perc_diff_lag_1": -3.756269931793213, "GASREGCOVM_diff_lag_1": -19.767250061035156, "GASREGCOVM_diff_lag_2": 95.03543853759766, "GASREGM_diff_lag_1": -153.6556396484375, "GASREGM_diff_lag_2": -116.8791275024414, "GASREGM_perc_diff_lag_1": 1.737220048904419, "GASREGREFM_diff_lag_1": 372.556640625, "GASREGREFM_diff_lag_2": -37.80513000488281, "GASREGREFM_perc_diff_lag_1": -6.556180000305176, "MICH": 1.0751999616622925, "MICH_diff_lag_1": 0.4070900082588196, "MICH_diff_lag_2": -1.2318300008773804, "POP_diff_lag_2": 0.001069999998435378, "STLPPM": 2.104979991912842, "STLPPMDEF": 6.998600006103516, "STLPPMDEF_diff_lag_1": 0.764739990234375, "STLPPMDEF_diff_lag_2": -1.470460057258606, "STLPPMLOW": 4.928030014038086, "STLPPMLOW_diff_lag_1": 2.1071999073028564, "STLPPMLOW_diff_lag_2": 0.8460999727249146, "STLPPMMID": 3.87608003616333, "STLPPMMID_diff_lag_1": 2.2283101081848145, "STLPPMMID_diff_lag_2": 0.14268000423908234, "STLPPM_diff_lag_1": 0.9650499820709229, "STLPPM_diff_lag_2": 1.5289000272750854, "TREASURY_diff_lag_1": -0.006320000160485506, "TREASURY_diff_lag_2": 0.004730000160634518}, "eval_metrics": {"rmse": 2.1075932764311247, "rmspe": 0.48705580714237773, "mape": 0.4005849416888679, "smape": 0.35861873801498545, "mrae": 340337786.81926453, "rrse": 7.530320199303506}, "forecast": {"2021-03-01": 3.254812400817871, "2021-04-01": 6.408405332088471, "2021-05-01": 5.3315384359359745, "2021-06-01": 4.726848329544067, "2021-07-01": 3.9780323810577394, "2021-08-01": 2.8507709240913393, "2021-09-01": 4.989303819656372, "2021-10-01": 6.744253425598145, "2021-11-01": 6.189200194835663, "2021-12-01": 6.476256865978241, "2022-01-01": 6.305428784370422, "2022-02-01": 7.784142791748048}, "retransf_forecast": {"2021-03-01": 3.254812400817871, "2021-04-01": 6.408405332088471, "2021-05-01": 5.3315384359359745, "2021-06-01": 4.726848329544067, "2021-07-01": 3.9780323810577394, "2021-08-01": 2.8507709240913393, "2021-09-01": 4.989303819656372, "2021-10-01": 6.744253425598145, "2021-11-01": 6.189200194835663, "2021-12-01": 6.476256865978241, "2022-01-01": 6.305428784370422, "2022-02-01": 7.784142791748048}, "y_actual": {"2000-01-01": 4.0, "2000-02-01": 4.1, "2000-03-01": 4.0, "2000-04-01": 3.8, "2000-05-01": 4.0, "2000-06-01": 4.0, "2000-07-01": 4.0, "2000-08-01": 4.1, "2000-09-01": 3.9, "2000-10-01": 3.9, "2000-11-01": 3.9, "2000-12-01": 3.9, "2001-01-01": 4.2, "2001-02-01": 4.2, "2001-03-01": 4.3, "2001-04-01": 4.4, "2001-05-01": 4.3, "2001-06-01": 4.5, "2001-07-01": 4.6, "2001-08-01": 4.9, "2001-09-01": 5.0, "2001-10-01": 5.3, "2001-11-01": 5.5, "2001-12-01": 5.7, "2002-01-01": 5.7, "2002-02-01": 5.7, "2002-03-01": 5.7, "2002-04-01": 5.9, "2002-05-01": 5.8, "2002-06-01": 5.8, "2002-07-01": 5.8, "2002-08-01": 5.7, "2002-09-01": 5.7, "2002-10-01": 5.7, "2002-11-01": 5.9, "2002-12-01": 6.0, "2003-01-01": 5.8, "2003-02-01": 5.9, "2003-03-01": 5.9, "2003-04-01": 6.0, "2003-05-01": 6.1, "2003-06-01": 6.3, "2003-07-01": 6.2, "2003-08-01": 6.1, "2003-09-01": 6.1, "2003-10-01": 6.0, "2003-11-01": 5.8, "2003-12-01": 5.7, "2004-01-01": 5.7, "2004-02-01": 5.6, "2004-03-01": 5.8, "2004-04-01": 5.6, "2004-05-01": 5.6, "2004-06-01": 5.6, "2004-07-01": 5.5, "2004-08-01": 5.4, "2004-09-01": 5.4, "2004-10-01": 5.5, "2004-11-01": 5.4, "2004-12-01": 5.4, "2005-01-01": 5.3, "2005-02-01": 5.4, "2005-03-01": 5.2, "2005-04-01": 5.2, "2005-05-01": 5.1, "2005-06-01": 5.0, "2005-07-01": 5.0, "2005-08-01": 4.9, "2005-09-01": 5.0, "2005-10-01": 5.0, "2005-11-01": 5.0, "2005-12-01": 4.9, "2006-01-01": 4.7, "2006-02-01": 4.8, "2006-03-01": 4.7, "2006-04-01": 4.7, "2006-05-01": 4.6, "2006-06-01": 4.6, "2006-07-01": 4.7, "2006-08-01": 4.7, "2006-09-01": 4.5, "2006-10-01": 4.4, "2006-11-01": 4.5, "2006-12-01": 4.4, "2007-01-01": 4.6, "2007-02-01": 4.5, "2007-03-01": 4.4, "2007-04-01": 4.5, "2007-05-01": 4.4, "2007-06-01": 4.6, "2007-07-01": 4.7, "2007-08-01": 4.6, "2007-09-01": 4.7, "2007-10-01": 4.7, "2007-11-01": 4.7, "2007-12-01": 5.0, "2008-01-01": 5.0, "2008-02-01": 4.9, "2008-03-01": 5.1, "2008-04-01": 5.0, "2008-05-01": 5.4, "2008-06-01": 5.6, "2008-07-01": 5.8, "2008-08-01": 6.1, "2008-09-01": 6.1, "2008-10-01": 6.5, "2008-11-01": 6.8, "2008-12-01": 7.3, "2009-01-01": 7.8, "2009-02-01": 8.3, "2009-03-01": 8.7, "2009-04-01": 9.0, "2009-05-01": 9.4, "2009-06-01": 9.5, "2009-07-01": 9.5, "2009-08-01": 9.6, "2009-09-01": 9.8, "2009-10-01": 10.0, "2009-11-01": 9.9, "2009-12-01": 9.9, "2010-01-01": 9.8, "2010-02-01": 9.8, "2010-03-01": 9.9, "2010-04-01": 9.9, "2010-05-01": 9.6, "2010-06-01": 9.4, "2010-07-01": 9.4, "2010-08-01": 9.5, "2010-09-01": 9.5, "2010-10-01": 9.4, "2010-11-01": 9.8, "2010-12-01": 9.3, "2011-01-01": 9.1, "2011-02-01": 9.0, "2011-03-01": 9.0, "2011-04-01": 9.1, "2011-05-01": 9.0, "2011-06-01": 9.1, "2011-07-01": 9.0, "2011-08-01": 9.0, "2011-09-01": 9.0, "2011-10-01": 8.8, "2011-11-01": 8.6, "2011-12-01": 8.5, "2012-01-01": 8.3, "2012-02-01": 8.3, "2012-03-01": 8.2, "2012-04-01": 8.2, "2012-05-01": 8.2, "2012-06-01": 8.2, "2012-07-01": 8.2, "2012-08-01": 8.1, "2012-09-01": 7.8, "2012-10-01": 7.8, "2012-11-01": 7.7, "2012-12-01": 7.9, "2013-01-01": 8.0, "2013-02-01": 7.7, "2013-03-01": 7.5, "2013-04-01": 7.6, "2013-05-01": 7.5, "2013-06-01": 7.5, "2013-07-01": 7.3, "2013-08-01": 7.2, "2013-09-01": 7.2, "2013-10-01": 7.2, "2013-11-01": 6.9, "2013-12-01": 6.7, "2014-01-01": 6.6, "2014-02-01": 6.7, "2014-03-01": 6.7, "2014-04-01": 6.2, "2014-05-01": 6.3, "2014-06-01": 6.1, "2014-07-01": 6.2,