{"y_id": "UNRATE", "y_field": "UNRATE", "target_reference_date": "2022-02-01", "estimator": "XGBRegressor", "fs_method": "JMI", "coefficients": {"CEFDFSA066MSFRBPHI": 0.005289999768137932, "CEFDFSA066MSFRBPHI_diff_lag_1": 0.0006399999838322401, "CEFDFSA066MSFRBPHI_diff_lag_2": 0.002730000065639615, "CURRCIR_diff_lag_1": 0.017309999093413353, "CURRCIR_diff_lag_2": 0.015709999948740005, "G17MVSFAUTOS_diff_lag_2": 0.0012600000482052565, "G17MVSFLTRUCKS_diff_lag_1": 0.003980000037699938, "G17MVSFLTRUCKS_diff_lag_2": 0.0003000000142492354, "G17MVSFTTRUCKS_diff_lag_1": 1.9999999494757503e-05, "G17MVSFTTRUCKS_diff_lag_2": 0.0004299999854993075, "G17MVSFWAUTOS": 0.003869999898597598, "G17MVSFWAUTOS_diff_lag_1": 0.000750000006519258, "G17MVSFWAUTOS_diff_lag_2": 0.0006099999882280827, "G17MVSFWLTRUCKS_diff_lag_1": 0.00022000000171829015, "G17MVSFWLTRUCKS_diff_lag_2": 0.0008699999889358878, "G17MVSFWTTRUCKS_diff_lag_1": 0.0, "G17MVSFWTTRUCKS_diff_lag_2": 0.0, "G17MVSFWWKDAYS_diff_lag_1": 0.009879999794065952, "G17MVSFWWKDAYS_diff_lag_2": 0.0004600000102072954, "G17MVSFWWKDAYS_perc_diff_lag_1": 0.05649999901652336, "GACDFSA066MSFRBPHI": 0.008620000444352627, "GACDFSA066MSFRBPHI_diff_lag_1": 0.010970000177621841, "GACDFSA066MSFRBPHI_diff_lag_2": 0.0026700000744313, "GACDFSA066MSFRBPHI_perc_diff_lag_1": 0.007470000069588423, "GASALLCOVM_diff_lag_1": 0.019169999286532402, "GASALLCOVM_diff_lag_2": 0.0026100000832229853, "GASALLM_diff_lag_1": 0.0006500000017695129, "GASALLM_diff_lag_2": 0.0064500002190470695, "GASALLREFM_diff_lag_1": 0.012529999949038029, "GASALLREFM_diff_lag_2": 0.009680000133812428, "GASALLREFM_perc_diff_lag_1": 0.00022000000171829015, "GASDESM_diff_lag_1": 0.0028299998957663774, "GASDESM_diff_lag_2": 0.04656999930739403, "GASMIDCOVM_diff_lag_1": 0.0, "GASMIDCOVM_diff_lag_2": 0.0, "GASMIDCOVM_perc_diff_lag_1": 0.0, "GASMIDM_diff_lag_1": 0.0, "GASMIDM_diff_lag_2": 5.999999848427251e-05, "GASMIDM_perc_diff_lag_1": 0.0001900000061141327, "GASMIDREFM_diff_lag_1": 0.0001900000061141327, "GASMIDREFM_diff_lag_2": 0.00013000000035390258, "GASMIDREFM_perc_diff_lag_1": 2.9999999242136255e-05, "GASPRMCOVM_diff_lag_1": 0.0, "GASPRMCOVM_diff_lag_2": 0.00013000000035390258, "GASPRMCOVM_perc_diff_lag_1": 0.0, "GASPRMM_diff_lag_1": 3.9999998989515007e-05, "GASPRMM_diff_lag_2": 0.0, "GASPRMM_perc_diff_lag_1": 1.9999999494757503e-05, "GASPRMREFM_diff_lag_1": 0.0004199999966658652, "GASPRMREFM_diff_lag_2": 0.0009599999757483602, "GASPRMREFM_perc_diff_lag_1": 9.999999747378752e-06, "GASREGCOVM_diff_lag_1": 0.0013899999903514981, "GASREGCOVM_diff_lag_2": 0.0, "GASREGM_diff_lag_1": 9.999999747378752e-06, "GASREGM_diff_lag_2": 9.999999747378752e-06, "GASREGM_perc_diff_lag_1": 1.9999999494757503e-05, "GASREGREFM_diff_lag_1": 4.999999873689376e-05, "GASREGREFM_diff_lag_2": 9.999999747378752e-06, "GASREGREFM_perc_diff_lag_1": 0.00011000000085914508, "MICH": 0.044199999421834946, "MICH_diff_lag_1": 0.0064199999906122684, "MICH_diff_lag_2": 0.0034199999645352364, "POP_diff_lag_2": 0.05756999924778938, "STLPPM": 0.04462999850511551, "STLPPMDEF": 0.27483999729156494, "STLPPMDEF_diff_lag_1": 0.010040000081062317, "STLPPMDEF_diff_lag_2": 0.16901999711990356, "STLPPMLOW": 0.07248000055551529, "STLPPMLOW_diff_lag_1": 0.002630000002682209, "STLPPMLOW_diff_lag_2": 0.0017999999690800905, "STLPPMMID": 0.016669999808073044, "STLPPMMID_diff_lag_1": 0.00872000027447939, "STLPPMMID_diff_lag_2": 0.007040000054985285, "STLPPM_diff_lag_1": 0.003719999920576811, "STLPPM_diff_lag_2": 0.0014799999771639705, "TREASURY_diff_lag_1": 0.0012100000167265534, "TREASURY_diff_lag_2": 0.019039999693632126}, "eval_metrics": {"rmse": 0.9343446478296638, "rmspe": 0.2232545344799993, "mape": 0.1824244587500484, "smape": 0.1610111507836184, "mrae": 485585137.4679117, "rrse": 3.3383644051935124}, "forecast": {"2021-03-01": 6.339734077453613, "2021-04-01": 6.582702159881592, "2021-05-01": 6.649054527282715, "2021-06-01": 6.196075916290283, "2021-07-01": 5.788334369659424, "2021-08-01": 5.426000595092773, "2021-09-01": 5.622337341308594, "2021-10-01": 5.469117164611816, "2021-11-01": 4.966704845428467, "2021-12-01": 5.519184589385986, "2022-01-01": 5.536802768707275, "2022-02-01": 5.153947830200195}, "retransf_forecast": {"2021-03-01": 6.339734077453613, "2021-04-01": 6.582702159881592, "2021-05-01": 6.649054527282715, "2021-06-01": 6.196075916290283, "2021-07-01": 5.788334369659424, "2021-08-01": 5.426000595092773, "2021-09-01": 5.622337341308594, "2021-10-01": 5.469117164611816, "2021-11-01": 4.966704845428467, "2021-12-01": 5.519184589385986, "2022-01-01": 5.536802768707275, "2022-02-01": 5.153947830200195}, "y_actual": {"2000-01-01": 4.0, "2000-02-01": 4.1, "2000-03-01": 4.0, "2000-04-01": 3.8, "2000-05-01": 4.0, "2000-06-01": 4.0, "2000-07-01": 4.0, "2000-08-01": 4.1, "2000-09-01": 3.9, "2000-10-01": 3.9, "2000-11-01": 3.9, "2000-12-01": 3.9, "2001-01-01": 4.2, "2001-02-01": 4.2, "2001-03-01": 4.3, "2001-04-01": 4.4, "2001-05-01": 4.3, "2001-06-01": 4.5, "2001-07-01": 4.6, "2001-08-01": 4.9, "2001-09-01": 5.0, "2001-10-01": 5.3, "2001-11-01": 5.5, "2001-12-01": 5.7, "2002-01-01": 5.7, "2002-02-01": 5.7, "2002-03-01": 5.7, "2002-04-01": 5.9, "2002-05-01": 5.8, "2002-06-01": 5.8, "2002-07-01": 5.8, "2002-08-01": 5.7, "2002-09-01": 5.7, "2002-10-01": 5.7, "2002-11-01": 5.9, "2002-12-01": 6.0, "2003-01-01": 5.8, "2003-02-01": 5.9, "2003-03-01": 5.9, "2003-04-01": 6.0, "2003-05-01": 6.1, "2003-06-01": 6.3, "2003-07-01": 6.2, "2003-08-01": 6.1, "2003-09-01": 6.1, "2003-10-01": 6.0, "2003-11-01": 5.8, "2003-12-01": 5.7, "2004-01-01": 5.7, "2004-02-01": 5.6, "2004-03-01": 5.8, "2004-04-01": 5.6, "2004-05-01": 5.6, "2004-06-01": 5.6, "2004-07-01": 5.5, "2004-08-01": 5.4, "2004-09-01": 5.4, "2004-10-01": 5.5, "2004-11-01": 5.4, "2004-12-01": 5.4, "2005-01-01": 5.3, "2005-02-01": 5.4, "2005-03-01": 5.2, "2005-04-01": 5.2, "2005-05-01": 5.1, "2005-06-01": 5.0, "2005-07-01": 5.0, "2005-08-01": 4.9, "2005-09-01": 5.0, "2005-10-01": 5.0, "2005-11-01": 5.0, "2005-12-01": 4.9, "2006-01-01": 4.7, "2006-02-01": 4.8, "2006-03-01": 4.7, "2006-04-01": 4.7, "2006-05-01": 4.6, "2006-06-01": 4.6, "2006-07-01": 4.7, "2006-08-01": 4.7, "2006-09-01": 4.5, "2006-10-01": 4.4, "2006-11-01": 4.5, "2006-12-01": 4.4, "2007-01-01": 4.6, "2007-02-01": 4.5, "2007-03-01": 4.4, "2007-04-01": 4.5, "2007-05-01": 4.4, "2007-06-01": 4.6, "2007-07-01": 4.7, "2007-08-01": 4.6, "2007-09-01": 4.7, "2007-10-01": 4.7, "2007-11-01": 4.7, "2007-12-01": 5.0, "2008-01-01": 5.0, "2008-02-01": 4.9, "2008-03-01": 5.1, "2008-04-01": 5.0, "2008-05-01": 5.4, "2008-06-01": 5.6, "2008-07-01": 5.8, "2008-08-01": 6.1, "2008-09-01": 6.1, "2008-10-01": 6.5, "2008-11-01": 6.8, "2008-12-01": 7.3, "2009-01-01": 7.8, "2009-02-01": 8.3, "2009-03-01": 8.7, "2009-04-01": 9.0, "2009-05-01": 9.4, "2009-06-01": 9.5, "2009-07-01": 9.5, "2009-08-01": 9.6, "2009-09-01": 9.8, "2009-10-01": 10.0, "2009-11-01": 9.9, "2009-12-01": 9.9, "2010-01-01": 9.8, "2010-02-01": 9.8, "2010-03-01": 9.9, "2010-04-01": 9.9, "2010-05-01": 9.6, "2010-06-01": 9.4, "2010-07-01": 9.4, "2010-08-01": 9.5, "2010-09-01": 9.5, "2010-10-01": 9.4, "2010-11-01": 9.8, "2010-12-01": 9.3, "2011-01-01": 9.1, "2011-02-01": 9.0, "2011-03-01": 9.0, "2011-04-01": 9.1, "2011-05-01": 9.0, "2011-06-01": 9.1, "2011-07-01": 9.0, "2011-08-01": 9.0, "2011-09-01": 9.0, "2011-10-01": 8.8, "2011-11-01": 8.6, "2011-12-01": 8.5, "2012-01-01": 8.3, "2012-02-01": 8.3, "2012-03-01": 8.2, "2012-04-01": 8.2, "2012-05-01": 8.2, "2012-06-01": 8.2, "2012-07-01": 8.2, "2012-08-01": 8.1, "2012-09-01": 7.8, "2012-10-01": 7.8, "2012-11-01": 7.7, "2012-12-01": 7.9, "2013-01-01": 8.0, "2013-02-01": 7.7, "2013-03-01": 7.5, "2013-04-01": 7.6, "2013-05-01": 7.5, "2013-06-01": 7.5, "2013-07-01": 7.3, "2013-08-01": 7.2, "2013-09-01": 7.2, "2013-10-01": 7.2, "2013-11-01": 6.9, "2013-12-01": 6.7, "2014-01-01": 6.6, "2014-02-01": 6.7, "2014-03-01": 6.7, "2014-04-01": 6.2, "2014-05-01": 6.3, "2014-06-01": 6.1, "2014-07-01": 6.2, "2014-08-01": 6.1,