{"y_id": "UNRATE", "y_field": "UNRATE_diff_lag_1", "target_reference_date": "2022-02-01", "estimator": "LinearForestRegressor", "fs_method": "JMI", "coefficients": {"CEFDFSA066MSFRBPHI": 0.005669999867677689, "CEFDFSA066MSFRBPHI_diff_lag_1": -0.00033999999868683517, "CEFDFSA066MSFRBPHI_diff_lag_2": -0.009060000069439411, "CURRCIR_diff_lag_1": 0.024569999426603317, "CURRCIR_diff_lag_2": -0.00773000018671155, "G17MVSFAUTOS_diff_lag_2": -0.3797900080680847, "G17MVSFLTRUCKS_diff_lag_1": -2.6062400341033936, "G17MVSFLTRUCKS_diff_lag_2": -4.5563201904296875, "G17MVSFTTRUCKS_diff_lag_1": 2.667449951171875, "G17MVSFTTRUCKS_diff_lag_2": 4.97327995300293, "G17MVSFWAUTOS": 0.010029999539256096, "G17MVSFWAUTOS_diff_lag_1": 0.001180000021122396, "G17MVSFWAUTOS_diff_lag_2": 0.3707199990749359, "G17MVSFWLTRUCKS_diff_lag_1": 3.134819984436035, "G17MVSFWLTRUCKS_diff_lag_2": 4.414820194244385, "G17MVSFWTTRUCKS_diff_lag_1": -3.21058988571167, "G17MVSFWTTRUCKS_diff_lag_2": -4.825689792633057, "G17MVSFWWKDAYS_diff_lag_1": 0.23792999982833862, "G17MVSFWWKDAYS_diff_lag_2": -0.1259700059890747, "G17MVSFWWKDAYS_perc_diff_lag_1": -0.11366000026464462, "GACDFSA066MSFRBPHI": -0.0008900000248104334, "GACDFSA066MSFRBPHI_diff_lag_1": -0.0009800000116229057, "GACDFSA066MSFRBPHI_diff_lag_2": -0.00039999998989515007, "GACDFSA066MSFRBPHI_perc_diff_lag_1": -9.999999747378752e-06, "GASALLCOVM_diff_lag_1": -8.247030258178711, "GASALLCOVM_diff_lag_2": -59.331058502197266, "GASALLM_diff_lag_1": -22.09476089477539, "GASALLM_diff_lag_2": 53.9522590637207, "GASALLREFM_diff_lag_1": -1.589460015296936, "GASALLREFM_diff_lag_2": 48.41902160644531, "GASALLREFM_perc_diff_lag_1": -2.850759983062744, "GASDESM_diff_lag_1": -3.5581600666046143, "GASDESM_diff_lag_2": -0.571120023727417, "GASMIDCOVM_diff_lag_1": -30.414730072021484, "GASMIDCOVM_diff_lag_2": -50.26340103149414, "GASMIDCOVM_perc_diff_lag_1": 4.946990013122559, "GASMIDM_diff_lag_1": -167.20021057128906, "GASMIDM_diff_lag_2": 75.16285705566406, "GASMIDM_perc_diff_lag_1": -1.1551599502563477, "GASMIDREFM_diff_lag_1": 70.05271911621094, "GASMIDREFM_diff_lag_2": -37.719970703125, "GASMIDREFM_perc_diff_lag_1": 0.8645700216293335, "GASPRMCOVM_diff_lag_1": 61.70690155029297, "GASPRMCOVM_diff_lag_2": 10.774140357971191, "GASPRMCOVM_perc_diff_lag_1": -2.533560037612915, "GASPRMM_diff_lag_1": 11.588069915771484, "GASPRMM_diff_lag_2": -8.403200149536133, "GASPRMM_perc_diff_lag_1": 0.9696900248527527, "GASPRMREFM_diff_lag_1": 14.627409934997559, "GASPRMREFM_diff_lag_2": -5.815830230712891, "GASPRMREFM_perc_diff_lag_1": -0.974810004234314, "GASREGCOVM_diff_lag_1": -45.52695846557617, "GASREGCOVM_diff_lag_2": 61.97755813598633, "GASREGM_diff_lag_1": 225.35450744628906, "GASREGM_diff_lag_2": -64.73300170898438, "GASREGM_perc_diff_lag_1": -3.693419933319092, "GASREGREFM_diff_lag_1": -100.48665618896484, "GASREGREFM_diff_lag_2": -24.90797996520996, "GASREGREFM_perc_diff_lag_1": 4.243319988250732, "MICH": -0.0036100000143051147, "MICH_diff_lag_1": -1.2361199855804443, "MICH_diff_lag_2": 1.0258400440216064, "POP_diff_lag_2": 0.0020600000862032175, "STLPPM": -1.7895599603652954, "STLPPMDEF": -0.19565999507904053, "STLPPMDEF_diff_lag_1": -0.5554500222206116, "STLPPMDEF_diff_lag_2": -0.5955399870872498, "STLPPMLOW": -2.046560049057007, "STLPPMLOW_diff_lag_1": 0.19107000529766083, "STLPPMLOW_diff_lag_2": -0.13328999280929565, "STLPPMMID": -0.5532299876213074, "STLPPMMID_diff_lag_1": -1.4015300273895264, "STLPPMMID_diff_lag_2": -0.24898000061511993, "STLPPM_diff_lag_1": 0.21309000253677368, "STLPPM_diff_lag_2": 0.7095199823379517, "TREASURY_diff_lag_1": 0.00559999980032444, "TREASURY_diff_lag_2": -0.004149999935179949}, "eval_metrics": {"rmse": 1.0815879640297266, "rmspe": 0.2415981789979637, "mape": 0.19500178846651517, "smape": 0.22037989870391297, "mrae": 184944529.27803662, "rrse": 3.721938117857709}, "forecast": {"2021-03-01": -1.7675784456907577, "2021-04-01": 0.2219334294811281, "2021-05-01": -1.4065106224427082, "2021-06-01": -0.4625060668880787, "2021-07-01": -0.13458513399320368, "2021-08-01": -1.4441448972553086, "2021-09-01": 0.47220688707150127, "2021-10-01": 0.5701597412543182, "2021-11-01": -0.7638985700344292, "2021-12-01": -0.7956243040640747, "2022-01-01": 1.169199284477719, "2022-02-01": -2.4720860012271606}, "retransf_forecast": {"2021-03-01": 4.432421363574379, "2021-04-01": 6.221933429481128, "2021-05-01": 4.593489377557292, "2021-06-01": 5.337494123846785, "2021-07-01": 5.765414961374228, "2021-08-01": 3.955855198112123, "2021-09-01": 5.672206696336638, "2021-10-01": 5.270159550519455, "2021-11-01": 3.836101334598139, "2021-12-01": 3.4043755052010622, "2022-01-01": 5.06919937984515, "2022-02-01": 1.5279139987728394}, "y_actual": {"2000-01-01": 0.0, "2000-02-01": 0.099999905, "2000-03-01": -0.099999905, "2000-04-01": -0.20000005, "2000-05-01": 0.20000005, "2000-06-01": 0.0, "2000-07-01": 0.0, "2000-08-01": 0.099999905, "2000-09-01": -0.19999981, "2000-10-01": 0.0, "2000-11-01": 0.0, "2000-12-01": 0.0, "2001-01-01": 0.2999997, "2001-02-01": 0.0, "2001-03-01": 0.10000038, "2001-04-01": 0.099999905, "2001-05-01": -0.099999905, "2001-06-01": 0.19999981, "2001-07-01": 0.099999905, "2001-08-01": 0.3000002, "2001-09-01": 0.099999905, "2001-10-01": 0.3000002, "2001-11-01": 0.19999981, "2001-12-01": 0.19999981, "2002-01-01": 0.0, "2002-02-01": 0.0, "2002-03-01": 0.0, "2002-04-01": 0.20000029, "2002-05-01": -0.099999905, "2002-06-01": 0.0, "2002-07-01": 0.0, "2002-08-01": -0.10000038, "2002-09-01": 0.0, "2002-10-01": 0.0, "2002-11-01": 0.20000029, "2002-12-01": 0.099999905, "2003-01-01": -0.19999981, "2003-02-01": 0.099999905, "2003-03-01": 0.0, "2003-04-01": 0.099999905, "2003-05-01": 0.099999905, "2003-06-01": 0.20000029, "2003-07-01": -0.10000038, "2003-08-01": -0.099999905, "2003-09-01": 0.0, "2003-10-01": -0.099999905, "2003-11-01": -0.19999981, "2003-12-01": -0.10000038, "2004-01-01": 0.0, "2004-02-01": -0.099999905, "2004-03-01": 0.20000029, "2004-04-01": -0.20000029, "2004-05-01": 0.0, "2004-06-01": 0.0, "2004-07-01": -0.099999905, "2004-08-01": -0.099999905, "2004-09-01": 0.0, "2004-10-01": 0.099999905, "2004-11-01": -0.099999905, "2004-12-01": 0.0, "2005-01-01": -0.099999905, "2005-02-01": 0.099999905, "2005-03-01": -0.20000029, "2005-04-01": 0.0, "2005-05-01": -0.099999905, "2005-06-01": -0.099999905, "2005-07-01": 0.0, "2005-08-01": -0.099999905, "2005-09-01": 0.099999905, "2005-10-01": 0.0, "2005-11-01": 0.0, "2005-12-01": -0.099999905, "2006-01-01": -0.20000029, "2006-02-01": 0.10000038, "2006-03-01": -0.10000038, "2006-04-01": 0.0, "2006-05-01": -0.099999905, "2006-06-01": 0.0, "2006-07-01": 0.099999905, "2006-08-01": 0.0, "2006-09-01": -0.19999981, "2006-10-01": -0.099999905, "2006-11-01": 0.099999905, "2006-12-01": -0.099999905, "2007-01-01": 0.19999981, "2007-02-01": -0.099999905, "2007-03-01": -0.099999905, "2007-04-01": 0.099999905, "2007-05-01": -0.099999905, "2007-06-01": 0.19999981, "2007-07-01": 0.099999905, "2007-08-01": -0.099999905, "2007-09-01": 0.099999905, "2007-10-01": 0.0, "2007-11-01": 0.0, "2007-12-01": 0.3000002, "2008-01-01": 0.0, "2008-02-01": -0.099999905, "2008-03-01": 0.19999981, "2008-04-01": -0.099999905, "2008-05-01": 0.4000001, "2008-06-01": 0.19999981, "2008-07-01": 0.20000029, "2008-08-01": 0.2999997, "2008-09-01": 0.0, "2008-10-01": 0.4000001, "2008-11-01": 0.3000002, "2008-12-01": 0.5, "2009-01-01": 0.5, "2009-02-01": 0.5, "2009-03-01": 0.39999962, "2009-04-01": 0.3000002, "2009-05-01": 0.39999962, "2009-06-01": 0.10000038, "2009-07-01": 0.0, "2009-08-01": 0.10000038, "2009-09-01": 0.19999981, "2009-10-01": 0.19999981, "2009-11-01": -0.10000038, "2009-12-01": 0.0, "2010-01-01": -0.09999943, "2010-02-01": 0.0, "2010-03-01": 0.09999943, "2010-04-01": 0.0, "2010-05-01": -0.29999924, "2010-06-01": -0.20000076, "2010-07-01": 0.0, "2010-08-01": 0.10000038, "2010-09-01": 0.0, "2010-10-01": -0.10000038, "2010-11-01": 0.40000057, "2010-12-01": -0.5, "2011-01-01": -0.19999981, "2011-02-01": -0.10000038,